model,accuracy
Dense,0.41119998693466187
CNN,0.7095000147819519
